{"_type":"export","__export_format":4,"__export_date":"2024-07-08T23:06:54.083Z","__export_source":"insomnia.desktop.app:v9.3.2","resources":[{"_id":"req_892ff2e9230f4e6a9169fe375199e467","parentId":"fld_cb04b6dabb294fe5aae208cb616cd878","modified":1720467669696,"created":1720467558826,"url":"http://localhost:8080/respuestas","name":"Crear respuesta","description":"","method":"POST","body":{"mimeType":"application/json","text":"{\n\t\"mensaje\": \"es un curso muy interesante\",\n\t\"idTopico\": 1,\n\t\"idAutor\": 1\n}"},"parameters":[],"headers":[{"name":"Content-Type","value":"application/json"},{"name":"User-Agent","value":"insomnia/9.3.2"}],"authentication":{"type":"bearer","token":"eyJ0eXAiOiJKV1QiLCJhbGciOiJIUzI1NiJ9.eyJzdWIiOiJqdWFuLnJhbW9zIiwiaXNzIjoiZm9ybyBodWIiLCJpZCI6MSwiZXhwIjoxNzIwNDcxOTA0fQ.XMmQiMWOXRXT2pACuFnBsJ0HwYGvBGNhKUEBplOq2Io"},"metaSortKey":-1720467558826,"isPrivate":false,"pathParameters":[],"settingStoreCookies":true,"settingSendCookies":true,"settingDisableRenderRequestBody":false,"settingEncodeUrl":true,"settingRebuildPath":true,"settingFollowRedirects":"global","_type":"request"},{"_id":"fld_cb04b6dabb294fe5aae208cb616cd878","parentId":"fld_57d22de4552d4bb9b856dd3705b2c7f3","modified":1720467555090,"created":1720467555090,"name":"Respuestas","description":"","environment":{},"environmentPropertyOrder":null,"metaSortKey":-1720467555090,"_type":"request_group"},{"_id":"fld_57d22de4552d4bb9b856dd3705b2c7f3","parentId":"wrk_scratchpad","modified":1720391502908,"created":1720391502908,"name":"Topicos","description":"","environment":{},"environmentPropertyOrder":null,"metaSortKey":-1720391502908,"_type":"request_group"},{"_id":"wrk_scratchpad","parentId":null,"modified":1714922926344,"created":1714922926344,"name":"Scratch Pad","description":"","scope":"collection","_type":"workspace"},{"_id":"req_2223f5986f9744d9aea67a19523cd61c","parentId":"fld_cb04b6dabb294fe5aae208cb616cd878","modified":1720468372529,"created":1720468264630,"url":"http://localhost:8080/respuestas","name":"Actualizar respuesta","description":"","method":"PUT","body":{"mimeType":"application/json","text":"{\n\t\"mensaje\": \"es un curso muy interesante x2\",\n\t\"idAutor\": 1\n}"},"parameters":[],"headers":[{"name":"Content-Type","value":"application/json"},{"name":"User-Agent","value":"insomnia/9.3.2"}],"authentication":{"type":"bearer","token":"eyJ0eXAiOiJKV1QiLCJhbGciOiJIUzI1NiJ9.eyJzdWIiOiJqdWFuLnJhbW9zIiwiaXNzIjoiZm9ybyBodWIiLCJpZCI6MSwiZXhwIjoxNzIwNDcxOTA0fQ.XMmQiMWOXRXT2pACuFnBsJ0HwYGvBGNhKUEBplOq2Io"},"metaSortKey":-1720463875012,"isPrivate":false,"pathParameters":[],"settingStoreCookies":true,"settingSendCookies":true,"settingDisableRenderRequestBody":false,"settingEncodeUrl":true,"settingRebuildPath":true,"settingFollowRedirects":"global","_type":"request"},{"_id":"req_591aab3223a8415fa71fffecd34a2d65","parentId":"fld_cb04b6dabb294fe5aae208cb616cd878","modified":1720468386658,"created":1720468380595,"url":"http://localhost:8080/respuestas/1","name":"Actualizar estado respuesta","description":"","method":"PUT","body":{},"parameters":[],"headers":[{"name":"User-Agent","value":"insomnia/9.3.2"}],"authentication":{"type":"bearer","token":"eyJ0eXAiOiJKV1QiLCJhbGciOiJIUzI1NiJ9.eyJzdWIiOiJqdWFuLnJhbW9zIiwiaXNzIjoiZm9ybyBodWIiLCJpZCI6MSwiZXhwIjoxNzIwNDcxOTA0fQ.XMmQiMWOXRXT2pACuFnBsJ0HwYGvBGNhKUEBplOq2Io"},"metaSortKey":-1720462033105,"isPrivate":false,"pathParameters":[],"settingStoreCookies":true,"settingSendCookies":true,"settingDisableRenderRequestBody":false,"settingEncodeUrl":true,"settingRebuildPath":true,"settingFollowRedirects":"global","_type":"request"},{"_id":"req_73cdeb82cf4f43b698f3adcbe209abe3","parentId":"fld_cb04b6dabb294fe5aae208cb616cd878","modified":1720468414244,"created":1720468409145,"url":"http://localhost:8080/respuestas/1","name":"Eliminar respuesta","description":"","method":"DELETE","body":{},"parameters":[],"headers":[{"name":"User-Agent","value":"insomnia/9.3.2"}],"authentication":{"type":"bearer","token":"eyJ0eXAiOiJKV1QiLCJhbGciOiJIUzI1NiJ9.eyJzdWIiOiJqdWFuLnJhbW9zIiwiaXNzIjoiZm9ybyBodWIiLCJpZCI6MSwiZXhwIjoxNzIwNDcxOTA0fQ.XMmQiMWOXRXT2pACuFnBsJ0HwYGvBGNhKUEBplOq2Io"},"metaSortKey":-1720461112151.5,"isPrivate":false,"pathParameters":[],"settingStoreCookies":true,"settingSendCookies":true,"settingDisableRenderRequestBody":false,"settingEncodeUrl":true,"settingRebuildPath":true,"settingFollowRedirects":"global","_type":"request"},{"_id":"req_c344a6debcca42ddaabf188d58219caa","parentId":"fld_236c411401444ffa9f42b9f3f981874d","modified":1720464728578,"created":1720460191198,"url":"http://localhost:8080/cursos","name":"Listar cursos","description":"","method":"GET","body":{},"parameters":[],"headers":[{"name":"User-Agent","value":"insomnia/9.3.2"}],"authentication":{"type":"bearer","token":"eyJ0eXAiOiJKV1QiLCJhbGciOiJIUzI1NiJ9.eyJzdWIiOiJqdWFuLnJhbW9zIiwiaXNzIjoiZm9ybyBodWIiLCJpZCI6MSwiZXhwIjoxNzIwNDcxOTA0fQ.XMmQiMWOXRXT2pACuFnBsJ0HwYGvBGNhKUEBplOq2Io"},"metaSortKey":-1720460191198,"isPrivate":false,"pathParameters":[],"settingStoreCookies":true,"settingSendCookies":true,"settingDisableRenderRequestBody":false,"settingEncodeUrl":true,"settingRebuildPath":true,"settingFollowRedirects":"global","_type":"request"},{"_id":"fld_236c411401444ffa9f42b9f3f981874d","parentId":"fld_57d22de4552d4bb9b856dd3705b2c7f3","modified":1720460183092,"created":1720460183092,"name":"Curso","description":"","environment":{},"environmentPropertyOrder":null,"metaSortKey":-1720460183092,"_type":"request_group"},{"_id":"req_063a226e9968422b9be4c8829adff33b","parentId":"fld_236c411401444ffa9f42b9f3f981874d","modified":1720464722806,"created":1720463936529,"url":"http://localhost:8080/cursos/1","name":"Listar cursos by Id","description":"","method":"GET","body":{},"parameters":[],"headers":[{"name":"User-Agent","value":"insomnia/9.3.2"}],"authentication":{"type":"bearer","token":"eyJ0eXAiOiJKV1QiLCJhbGciOiJIUzI1NiJ9.eyJzdWIiOiJqdWFuLnJhbW9zIiwiaXNzIjoiZm9ybyBodWIiLCJpZCI6MSwiZXhwIjoxNzIwNDcxOTA0fQ.XMmQiMWOXRXT2pACuFnBsJ0HwYGvBGNhKUEBplOq2Io"},"metaSortKey":-1720443020174.25,"isPrivate":false,"pathParameters":[],"settingStoreCookies":true,"settingSendCookies":true,"settingDisableRenderRequestBody":false,"settingEncodeUrl":true,"settingRebuildPath":true,"settingFollowRedirects":"global","_type":"request"},{"_id":"req_b02823a516ef44b3b68767d2c2708d83","parentId":"fld_236c411401444ffa9f42b9f3f981874d","modified":1720465909142,"created":1720460266883,"url":"http://localhost:8080/cursos","name":"Crear cursos","description":"","method":"POST","body":{"mimeType":"application/json","text":"{\n\t\"nombre\": \"curso avanzado Front\",\n\t\"categoria\": \"FRONT_END\"\n}"},"parameters":[],"headers":[{"name":"Content-Type","value":"application/json"},{"name":"User-Agent","value":"insomnia/9.3.2"}],"authentication":{"type":"bearer","token":"eyJ0eXAiOiJKV1QiLCJhbGciOiJIUzI1NiJ9.eyJzdWIiOiJqdWFuLnJhbW9zIiwiaXNzIjoiZm9ybyBodWIiLCJpZCI6MSwiZXhwIjoxNzIwNDcwMzk4fQ.2kxfLnYvWDdh7fYYGBRuijGap3LlWIGRuCnBPcsIKL8"},"metaSortKey":-1720425849150.5,"isPrivate":false,"pathParameters":[],"settingStoreCookies":true,"settingSendCookies":true,"settingDisableRenderRequestBody":false,"settingEncodeUrl":true,"settingRebuildPath":true,"settingFollowRedirects":"global","_type":"request"},{"_id":"req_3d062083101c4508aa7a9d6fb585a516","parentId":"fld_236c411401444ffa9f42b9f3f981874d","modified":1720465874283,"created":1720465838012,"url":"http://localhost:8080/cursos","name":"Actualizar cursos","description":"","method":"PUT","body":{"mimeType":"application/json","text":"{\n\t\"id\": 3,\n\t\"nombre\": \"curso avanzado mejorado\",\n\t\"categoria\": \"BACK_END\"\n}"},"parameters":[],"headers":[{"name":"Content-Type","value":"application/json"},{"name":"User-Agent","value":"insomnia/9.3.2"}],"authentication":{"type":"bearer","token":"eyJ0eXAiOiJKV1QiLCJhbGciOiJIUzI1NiJ9.eyJzdWIiOiJqdWFuLnJhbW9zIiwiaXNzIjoiZm9ybyBodWIiLCJpZCI6MSwiZXhwIjoxNzIwNDcwMzk4fQ.2kxfLnYvWDdh7fYYGBRuijGap3LlWIGRuCnBPcsIKL8"},"metaSortKey":-1720417263638.625,"isPrivate":false,"pathParameters":[],"settingStoreCookies":true,"settingSendCookies":true,"settingDisableRenderRequestBody":false,"settingEncodeUrl":true,"settingRebuildPath":true,"settingFollowRedirects":"global","_type":"request"},{"_id":"req_6ba4027a916741dc8afb3db2eb7a1e82","parentId":"fld_236c411401444ffa9f42b9f3f981874d","modified":1720464710055,"created":1720462524963,"url":"http://localhost:8080/cursos/3","name":"Eliminar cursos","description":"","method":"DELETE","body":{},"parameters":[],"headers":[{"name":"User-Agent","value":"insomnia/9.3.2"}],"authentication":{"type":"bearer","token":"eyJ0eXAiOiJKV1QiLCJhbGciOiJIUzI1NiJ9.eyJzdWIiOiJqdWFuLnJhbW9zIiwiaXNzIjoiZm9ybyBodWIiLCJpZCI6MSwiZXhwIjoxNzIwNDcxOTA0fQ.XMmQiMWOXRXT2pACuFnBsJ0HwYGvBGNhKUEBplOq2Io"},"metaSortKey":-1720408678126.75,"isPrivate":false,"pathParameters":[],"settingStoreCookies":true,"settingSendCookies":true,"settingDisableRenderRequestBody":false,"settingEncodeUrl":true,"settingRebuildPath":true,"settingFollowRedirects":"global","_type":"request"},{"_id":"req_f2b7d695751b4e6dbe39283009ea1193","parentId":"fld_57d22de4552d4bb9b856dd3705b2c7f3","modified":1720462272000,"created":1720404012665,"url":"http://localhost:8080/login","name":"Login de usuario","description":"","method":"POST","body":{"mimeType":"application/json","text":"{\n\t\"email\": \"juan.ramos\",\n\t\"contrasenia\": \"12345678\"\n}"},"parameters":[],"headers":[{"name":"Content-Type","value":"application/json"},{"name":"User-Agent","value":"insomnia/9.2.0"}],"authentication":{},"preRequestScript":"","metaSortKey":-1720391507103,"isPrivate":false,"pathParameters":[],"settingStoreCookies":true,"settingSendCookies":true,"settingDisableRenderRequestBody":false,"settingEncodeUrl":true,"settingRebuildPath":true,"settingFollowRedirects":"global","_type":"request"},{"_id":"req_c1c47601aac64e87ad595eb1c02f89cd","parentId":"fld_57d22de4552d4bb9b856dd3705b2c7f3","modified":1720459447296,"created":1720391507003,"url":"http://localhost:8080/topicos","name":"Listar Topicos","description":"","method":"GET","body":{},"parameters":[],"headers":[{"name":"User-Agent","value":"insomnia/9.3.2"}],"authentication":{"type":"bearer","token":"eyJ0eXAiOiJKV1QiLCJhbGciOiJIUzI1NiJ9.eyJzdWIiOiJqdWFuLnJhbW9zIiwiaXNzIjoiZm9ybyBodWIiLCJpZCI6MSwiZXhwIjoxNzIwNDY2NjQwfQ.oJJDYacNkLZ_uUxZjAEPS9mGh0r9_ylgahC4cIWxR2M"},"metaSortKey":-1720391507003,"isPrivate":false,"pathParameters":[],"settingStoreCookies":true,"settingSendCookies":true,"settingDisableRenderRequestBody":false,"settingEncodeUrl":true,"settingRebuildPath":true,"settingFollowRedirects":"global","_type":"request"},{"_id":"req_81f0ce7f54564ef6a45df746b5cbe5e9","parentId":"fld_57d22de4552d4bb9b856dd3705b2c7f3","modified":1720466267868,"created":1720398151903,"url":"http://localhost:8080/topicos","name":"Crear Topicos","description":"","method":"POST","body":{"mimeType":"application/json","text":"{\n\t\"titulo\": \"Curso avanzado Front\",\n\t\"mensaje\": \"Curso avanzado Front\",\n\t\"fechaCreacion\": \"2024-07-10T10:30:00\",\n\t\"idAutor\": 1,\n\t\"idCurso\": 3\n}"},"parameters":[],"headers":[{"name":"Content-Type","value":"application/json"},{"name":"User-Agent","value":"insomnia/9.3.2"}],"authentication":{"type":"bearer","token":"eyJ0eXAiOiJKV1QiLCJhbGciOiJIUzI1NiJ9.eyJzdWIiOiJqdWFuLnJhbW9zIiwiaXNzIjoiZm9ybyBodWIiLCJpZCI6MSwiZXhwIjoxNzIwNDY5NjU3fQ.WFYIcPaOSSVOLA9VHAxf_Fk0n7ozkGhDsLqD4SLmZT4"},"metaSortKey":-1719639790169,"isPrivate":false,"pathParameters":[],"settingStoreCookies":true,"settingSendCookies":true,"settingDisableRenderRequestBody":false,"settingEncodeUrl":true,"settingRebuildPath":true,"settingFollowRedirects":"global","_type":"request"},{"_id":"req_06284effc841446497ef4bc853b364b8","parentId":"fld_57d22de4552d4bb9b856dd3705b2c7f3","modified":1720466638110,"created":1720466488839,"url":"http://localhost:8080/topicos","name":"Actualizar Topicos","description":"","method":"PUT","body":{"mimeType":"application/json","text":"{\n\t\"id\": 3,\n\t\"titulo\": \"Curso avanzado Java mejorado\",\n\t\"mensaje\": \"Curso avanzado Java mejorado\"\n}"},"parameters":[],"headers":[{"name":"Content-Type","value":"application/json"},{"name":"User-Agent","value":"insomnia/9.3.2"}],"authentication":{"type":"bearer","token":"eyJ0eXAiOiJKV1QiLCJhbGciOiJIUzI1NiJ9.eyJzdWIiOiJqdWFuLnJhbW9zIiwiaXNzIjoiZm9ybyBodWIiLCJpZCI6MSwiZXhwIjoxNzIwNDY5NjU3fQ.WFYIcPaOSSVOLA9VHAxf_Fk0n7ozkGhDsLqD4SLmZT4"},"metaSortKey":-1719451860960.5,"isPrivate":false,"pathParameters":[],"settingStoreCookies":true,"settingSendCookies":true,"settingDisableRenderRequestBody":false,"settingEncodeUrl":true,"settingRebuildPath":true,"settingFollowRedirects":"global","_type":"request"},{"_id":"req_ee47ae761c674f7580741b68917e23f6","parentId":"fld_57d22de4552d4bb9b856dd3705b2c7f3","modified":1720466339125,"created":1720466325322,"url":"http://localhost:8080/topicos/4","name":"Eliminar Topicos","description":"","method":"DELETE","body":{},"parameters":[],"headers":[{"name":"User-Agent","value":"insomnia/9.3.2"}],"authentication":{"type":"bearer","token":"eyJ0eXAiOiJKV1QiLCJhbGciOiJIUzI1NiJ9.eyJzdWIiOiJqdWFuLnJhbW9zIiwiaXNzIjoiZm9ybyBodWIiLCJpZCI6MSwiZXhwIjoxNzIwNDY5NjU3fQ.WFYIcPaOSSVOLA9VHAxf_Fk0n7ozkGhDsLqD4SLmZT4"},"metaSortKey":-1719263931752,"isPrivate":false,"pathParameters":[],"settingStoreCookies":true,"settingSendCookies":true,"settingDisableRenderRequestBody":false,"settingEncodeUrl":true,"settingRebuildPath":true,"settingFollowRedirects":"global","_type":"request"},{"_id":"env_99d30891da4bdcebc63947a8fc17f076de878684","parentId":"wrk_scratchpad","modified":1714923013651,"created":1714923013651,"name":"Base Environment","data":{},"dataPropertyOrder":null,"color":null,"isPrivate":false,"metaSortKey":1714923013651,"_type":"environment"},{"_id":"jar_99d30891da4bdcebc63947a8fc17f076de878684","parentId":"wrk_scratchpad","modified":1720401648526,"created":1714923013664,"name":"Default Jar","cookies":[{"key":"JSESSIONID","value":"Lpgr8jR55HPdCILeKLUtrgDbYrQbXAUW1r9gGNNz","domain":"localhost","path":"/","hostOnly":true,"creation":"2024-07-07T22:32:06.736Z","lastAccessed":"2024-07-08T01:20:48.525Z","id":"0fd771a1-7b65-4784-b1f5-3ee6e8d9e3c3"}],"_type":"cookie_jar"}]}